latitude,longitude,brightness,scan,track,acq_date,acq_time,satellite,confidence,version,bright_t31,frp,daynight
-20.75031,130.27406,499.97,1.16,1.07,2026-10-08,2354,T,87,6.1NRT,346.4,1968.15,D
-19.7763,129.53851,460.35,1.79,1.31,2026-10-09,0739,A,94,6.1NRT,334.09,1961,D
-20.74031,130.23788,499.97,1.15,1.07,2026-10-08,2354,T,100,6.1NRT,344.47,1951.79,D
-20.72808,130.21765,499.97,1.15,1.07,2026-10-08,2354,T,100,6.1NRT,354.29,1945.09,D
-20.7375,130.21634,499.97,1.15,1.07,2026-10-08,2354,T,100,6.1NRT,340.54,1942.99,D
-20.72668,130.20691,499.97,1.15,1.07,2026-10-08,2354,T,100,6.1NRT,361.07,1941.29,D
-20.72528,130.19617,499.97,1.14,1.07,2026-10-08,2354,T,100,6.1NRT,340.92,1937.85,D
-11.85142,-43.588,489.29,1.24,1.11,2026-10-08,1834,A,100,6.1NRT,400.07,1863.85,D
-19.77033,129.57135,456.88,1.8,1.31,2026-10-09,0739,A,94,6.1NRT,324.31,1862.27,D
-3.12183,104.42883,404.19,3.51,1.76,2026-10-08,1306,T,100,6.1NRT,294.94,1703.9,N
-12.01025,-43.47412,483.62,1.23,1.1,2026-10-08,1834,A,100,6.1NRT,400.07,1675.91,D
-12.01168,-43.48468,481.43,1.23,1.1,2026-10-08,1834,A,100,6.1NRT,400.07,1623.83,D
-3.1259,104.42312,401.22,3.51,1.76,2026-10-08,1306,T,100,6.1NRT,295.03,1592.83,N
-20.74454,130.27031,485.17,1.15,1.07,2026-10-08,2354,T,100,6.1NRT,342.17,1567.01,D
-20.73189,130.17345,486.24,1.14,1.06,2026-10-08,2354,T,100,6.1NRT,335.86,1565.36,D
-20.72388,130.18546,485.95,1.14,1.07,2026-10-08,2354,T,100,6.1NRT,332.26,1562.61,D
-6.67842,-45.3995,468.62,1.38,1.16,2026-10-08,1834,A,100,6.1NRT,336.77,1562.43,D
-12.00812,-43.47986,478.84,1.23,1.1,2026-10-08,1834,A,100,6.1NRT,400.07,1556.2,D
-20.73049,130.16275,484.99,1.14,1.06,2026-10-08,2354,T,100,6.1NRT,335.46,1533.12,D
-5.99945,-40.95909,494.35,1.03,1.01,2026-10-08,1834,A,100,6.1NRT,400.07,1529.49,D
-20.72948,130.22841,483.03,1.15,1.07,2026-10-08,2354,T,100,6.1NRT,332.07,1503.3,D
-4.4052,-49.77943,478.97,1.12,1.05,2026-10-09,1915,A,82,6.1NRT,321.27,1360.3,D
-11.62731,-43.60419,469.71,1.24,1.11,2026-10-08,1834,A,100,6.1NRT,338.08,1346.18,D
-11.90591,-41.40185,485.64,1.02,1.01,2026-10-08,1834,A,100,6.1NRT,326.96,1315.46,D
-20.7389,130.22711,473.34,1.15,1.07,2026-10-08,2354,T,100,6.1NRT,338.05,1281.82,D
-8.59331,141.98521,449.23,1.52,1.22,2026-10-09,0603,A,100,6.1NRT,319.86,1277.67,D
-20.67004,130.1387,472.64,1.14,1.06,2026-10-08,2354,T,100,6.1NRT,328.69,1251.13,D
-11.05359,-44.11214,422.56,2.15,1.42,2026-10-09,1913,A,100,6.1NRT,310.79,1229.47,D
-12.01698,-43.45109,464.08,1.23,1.1,2026-10-08,1834,A,100,6.1NRT,335.68,1210.52,D
-11.3696,-54.0306,450.69,1.41,1.18,2026-10-09,1913,A,100,6.1NRT,319.72,1177.59,D
-20.74172,130.24867,466.9,1.15,1.07,2026-10-08,2354,T,100,6.1NRT,333.42,1156.41,D
-1.40725,29.20614,476.79,1,1,2026-10-09,1841,T,100,6.1NRT,322.19,1127.41,N
-20.7895,130.27962,462.32,1.16,1.07,2026-10-08,2354,T,100,6.1NRT,321.64,1074.56,D
-8.91869,-45.15597,422.26,1.95,1.36,2026-10-09,1913,A,100,6.1NRT,315.43,1069.82,D
-20.73329,130.18414,461.95,1.14,1.07,2026-10-08,2354,T,100,6.1NRT,330.91,1048.37,D
-8.59146,141.99855,436.78,1.52,1.22,2026-10-09,0603,A,100,6.1NRT,311.25,1005.85,D
-11.6231,-43.71727,450.67,1.26,1.11,2026-10-08,1834,A,100,6.1NRT,330.3,989.59,D
-11.0568,-44.131,412.28,2.14,1.42,2026-10-09,1913,A,94,6.1NRT,311.82,980.2,D
-20.68353,130.16936,457.74,1.14,1.06,2026-10-08,2354,T,100,6.1NRT,323.45,976.05,D
-11.62883,-43.61518,451.22,1.24,1.11,2026-10-08,1834,A,100,6.1NRT,336.13,971.32,D
-19.77929,129.52211,423.4,1.78,1.31,2026-10-09,0739,A,94,6.1NRT,321.27,948.81,D
-11.59457,-43.65381,448.78,1.24,1.11,2026-10-08,1834,A,100,6.1NRT,324.65,936.15,D
-9.90749,-44.86239,438.33,1.41,1.18,2026-10-08,1834,A,100,6.1NRT,324.12,924.29,D
-13.76968,-72.96544,460.46,1.05,1.02,2026-10-09,2049,A,100,6.1NRT,316.33,916.24,D
-11.60277,-43.64137,445.52,1.24,1.11,2026-10-08,1834,A,100,6.1NRT,331.85,876.83,D
-15.39372,-41.92958,393.4,2.61,1.55,2026-10-09,1910,A,100,6.1NRT,309.21,843.2,D
-9.00753,-45.14628,432.14,1.43,1.18,2026-10-08,1834,A,100,6.1NRT,326.75,835.07,D
-16.11332,134.02202,417.45,1.75,1.3,2026-10-08,2352,T,100,6.1NRT,308.99,825.36,D
-8.60211,142.00006,426.16,1.52,1.22,2026-10-09,0603,A,100,6.1NRT,316.73,809.99,D
-20.75658,130.12526,365.42,4.19,1.9,2026-10-08,1932,A,100,6.1NRT,290.45,808.53,N
-20.73609,130.2056,447.43,1.15,1.07,2026-10-08,2354,T,100,6.1NRT,328.89,806.84,D
-8.92149,-45.173,407.35,1.95,1.36,2026-10-09,1913,A,100,6.1NRT,317.59,759.3,D
-20.71692,130.13213,444.31,1.14,1.06,2026-10-08,2354,T,100,6.1NRT,317.42,752.77,D
-13.36921,-43.89273,404.68,2.01,1.38,2026-10-09,1913,A,100,6.1NRT,317.88,744.69,D
-6.45761,-55.50018,421.85,1.52,1.22,2026-10-09,1915,A,100,6.1NRT,310.99,738.81,D
-20.74623,130.24159,441.47,1.15,1.07,2026-10-08,2354,T,87,6.1NRT,333.2,727.89,D
-13.15779,-67.26353,387.2,2.55,1.54,2026-10-09,2049,A,100,6.1NRT,296.41,685.18,D
-4.63966,-50.94088,370.25,3.51,1.76,2026-10-08,1836,A,100,6.1NRT,296.46,679.73,D
-20.66868,130.12805,438.35,1.13,1.06,2026-10-08,2354,T,100,6.1NRT,317.01,670.61,D
-11.37989,-54.02913,421.81,1.41,1.18,2026-10-09,1913,A,100,6.1NRT,308.61,667.13,D
-11.36791,-54.01818,421.94,1.41,1.17,2026-10-09,1913,A,100,6.1NRT,309.07,665.88,D
-19.79398,129.44116,407.28,1.76,1.3,2026-10-09,0739,A,100,6.1NRT,312.31,649.15,D
-12.01987,-43.47237,430.58,1.23,1.1,2026-10-08,1834,A,100,6.1NRT,333.77,641.22,D
-26.27023,30.5625,399.25,1.9,1.35,2026-10-08,1333,A,100,6.1NRT,306.53,623.19,D
-11.58635,-43.66621,427.19,1.25,1.11,2026-10-08,1834,A,100,6.1NRT,312.49,613.67,D
-11.07929,-44.07481,423.56,1.3,1.13,2026-10-08,1834,A,100,6.1NRT,323.15,608.93,D
-20.67277,130.16,432.95,1.14,1.06,2026-10-08,2354,T,100,6.1NRT,318.96,608.86,D
46.89779,119.35812,441.33,1,1,2026-10-09,0113,T,100,6.1NRT,307.24,600.53,D
6.69555,-73.75784,408.82,1.58,1.24,2026-10-08,2017,A,94,6.1NRT,295.77,596.94,D
-20.74759,130.2524,431.06,1.15,1.07,2026-10-08,2354,T,87,6.1NRT,321.39,593.84,D
-9.90583,-44.85001,417.25,1.41,1.18,2026-10-08,1834,A,100,6.1NRT,322.58,591.04,D
-20.68216,130.15869,431.23,1.14,1.06,2026-10-08,2354,T,100,6.1NRT,323.39,587.34,D
-4.41441,-49.77801,432.19,1.12,1.05,2026-10-09,1915,A,82,6.1NRT,309.7,587.02,D
-20.72909,130.15208,431.51,1.14,1.06,2026-10-08,2354,T,100,6.1NRT,321.3,585.7,D
-11.83331,142.50038,408.26,1.56,1.23,2026-10-09,0603,A,100,6.1NRT,305.51,575.64,D
-20.74895,130.26323,429.32,1.15,1.07,2026-10-08,2354,T,87,6.1NRT,326.95,574.16,D
44.90128,70.04823,435.7,1.04,1.02,2026-10-08,1036,A,100,6.1NRT,310.86,572.99,D
46.90246,119.45191,438.29,1,1,2026-10-09,0113,T,100,6.1NRT,306.56,568.62,D
-12.01844,-43.46189,424.61,1.23,1.1,2026-10-08,1834,A,100,6.1NRT,333.54,567.93,D
38.88773,-111.46016,376.39,2.66,1.57,2026-10-08,2205,A,94,6.1NRT,296.44,567.25,D
-11.06384,-44.04828,420.85,1.29,1.13,2026-10-08,1834,A,100,6.1NRT,325.31,564.93,D
-33.62709,135.42136,434.29,1.06,1.03,2026-10-08,0657,A,100,6.1NRT,322.24,564.74,D
-9.00932,-45.15898,413.55,1.44,1.19,2026-10-08,1834,A,100,6.1NRT,325.65,562.51,D
-11.06706,-44.07125,418.67,1.3,1.13,2026-10-08,1834,A,100,6.1NRT,315.78,546.62,D
46.88911,119.35552,436.01,1,1,2026-10-09,0113,T,100,6.1NRT,306.15,543.63,D
-20.67141,130.14934,427.13,1.14,1.06,2026-10-08,2354,T,100,6.1NRT,314.94,537.67,D
-6.38519,-45.9399,408.82,1.49,1.21,2026-10-08,1834,A,100,6.1NRT,314.15,537.14,D
-20.76113,130.2836,424.61,1.16,1.07,2026-10-08,2354,T,75,6.1NRT,305.67,522.08,D
-17.08896,142.93971,425.55,1.12,1.06,2026-10-08,1123,T,100,6.1NRT,310.94,521.69,N
25.25263,48.09438,360.89,3.45,1.75,2026-10-08,1633,T,100,6.1NRT,301.02,521.41,N
-20.78004,130.28094,424.59,1.16,1.07,2026-10-08,2354,T,75,6.1NRT,305.06,520.21,D
-15.11711,134.38217,396.14,1.8,1.32,2026-10-08,2352,T,100,6.1NRT,305,517.72,D
-20.69679,130.12411,425.69,1.13,1.06,2026-10-08,2354,T,100,6.1NRT,322.54,516.52,D
-13.36407,-43.90079,389.59,2.01,1.38,2026-10-09,1913,A,100,6.1NRT,314.49,512.32,D
-5.37119,-43.21561,431.2,1.04,1.02,2026-10-08,1834,A,100,6.1NRT,323.47,511.34,D
-17.09828,142.94125,423.85,1.12,1.06,2026-10-08,1123,T,100,6.1NRT,312.55,503.91,N
-19.76734,129.58778,395.01,1.8,1.32,2026-10-09,0739,A,87,6.1NRT,307.36,497.61,D
-6.46156,-55.49272,404.67,1.51,1.21,2026-10-09,1915,A,100,6.1NRT,311.3,496.97,D
-15.55783,134.7459,390.01,1.95,1.36,2026-10-08,2352,T,100,6.1NRT,304.66,495.72,D
-8.84371,-61.4608,400.59,1.6,1.24,2026-10-08,2012,A,100,6.1NRT,303.02,493.05,D
-19.54728,142.33754,384.66,2.1,1.41,2026-10-09,0601,A,87,6.1NRT,297.94,488.6,D
-12.48071,136.8194,395.65,1.69,1.28,2026-10-08,0703,A,100,6.1NRT,304.07,485.26,D
-20.71553,130.12149,422.53,1.13,1.06,2026-10-08,2354,T,100,6.1NRT,313.6,482.75,D
-15.10876,-43.64144,409.09,1.38,1.16,2026-10-08,1832,A,100,6.1NRT,322.3,482.41,D
-20.76253,130.12015,349.31,4.19,1.9,2026-10-08,1932,A,100,6.1NRT,289.71,480.74,N
-20.67414,130.17068,421.31,1.14,1.06,2026-10-08,2354,T,100,6.1NRT,314.08,478.95,D
-20.75168,130.28493,420.35,1.16,1.07,2026-10-08,2354,T,94,6.1NRT,319.28,476.73,D
47.07654,119.27869,428.81,1,1,2026-10-09,0113,T,100,6.1NRT,303.52,472.81,D
-11.59607,-43.66483,415.48,1.25,1.11,2026-10-08,1834,A,100,6.1NRT,322.55,470.49,D
50.5226,41.42761,352.47,3.82,1.83,2026-10-09,1117,A,97,6.1NRT,294.37,462.58,D
-7.59293,-47.03373,388.45,1.89,1.34,2026-10-08,1834,A,100,6.1NRT,310.54,461.43,D
-6.48291,-55.95274,396.21,1.64,1.26,2026-10-09,1915,A,100,6.1NRT,303.27,460.8,D
-3.35551,105.20069,362.64,3.06,1.66,2026-10-08,1306,T,100,6.1NRT,297.65,458.6,N
-20.68491,130.18005,418.81,1.14,1.06,2026-10-08,2354,T,100,6.1NRT,312.78,454.89,D
-11.07697,-44.06985,410.5,1.3,1.13,2026-10-08,1834,A,100,6.1NRT,325.38,451.77,D
-15.31786,134.82933,386.02,1.96,1.37,2026-10-08,2352,T,100,6.1NRT,303.75,451.25,D
-13.14847,-67.28854,372.8,2.54,1.53,2026-10-09,2049,A,100,6.1NRT,296.42,451.16,D
-15.54581,134.74738,386.36,1.95,1.36,2026-10-08,2352,T,100,6.1NRT,305.13,448.79,D
-7.85658,140.67853,419.6,1.1,1.05,2026-10-08,1128,T,100,6.1NRT,303.28,447.82,N
-14.43382,-43.93848,404.42,1.42,1.18,2026-10-08,1834,A,100,6.1NRT,317.91,445.5,D
-20.76012,130.16408,346.92,4.22,1.9,2026-10-08,1932,A,100,6.1NRT,289,443.63,N
-6.48493,-55.96713,394.36,1.65,1.26,2026-10-09,1915,A,100,6.1NRT,305.74,441.46,D
-6.32709,-55.34413,400.37,1.47,1.2,2026-10-09,1915,A,100,6.1NRT,307.88,428.41,D
-8.27771,-45.73846,398,1.48,1.2,2026-10-09,0657,A,100,6.1NRT,305.39,427.85,N
-1.87155,103.91843,352.38,3.68,1.8,2026-10-08,1306,T,100,6.1NRT,295.14,427.17,N
-15.35902,134.81873,384.01,1.96,1.37,2026-10-08,2352,T,100,6.1NRT,303.92,423.98,D
-17.09049,142.9294,415.84,1.12,1.06,2026-10-08,1123,T,100,6.1NRT,312.84,423.61,N
-16.11518,134.03786,389.39,1.76,1.3,2026-10-08,2352,T,100,6.1NRT,302.15,422.89,D
48.63825,135.80699,351.9,3.43,1.74,2026-10-08,1004,T,100,6.1NRT,279.29,419.7,N
-14.05247,-43.83739,403.35,1.38,1.16,2026-10-08,1834,A,100,6.1NRT,326.21,416.24,D
-5.99812,-40.95012,421.65,1.03,1.01,2026-10-08,1834,A,100,6.1NRT,324.32,415.84,D
46.8873,119.36817,422.7,1,1,2026-10-09,0113,T,100,6.1NRT,297.48,414.5,D
-20.74313,130.25949,414.46,1.15,1.07,2026-10-08,2354,T,100,6.1NRT,310.23,413.56,D
-11.83868,-43.60921,375.38,2.27,1.46,2026-10-09,1913,A,100,6.1NRT,310.59,412.2,D
-3.87778,-55.99076,396.8,1.5,1.21,2026-10-09,1915,A,100,6.1NRT,305,411.64,D
8.6824,-62.66467,360.82,3.06,1.66,2026-10-09,1917,A,100,6.1NRT,293.97,411.46,D
-3.56404,105.75583,422.1,1.01,1,2026-10-08,0843,A,100,6.1NRT,331.31,407.77,D
-1.88397,-54.68203,412.05,1.16,1.07,2026-10-09,1915,A,100,6.1NRT,305.75,404.49,D
-18.32394,-42.39631,377.81,2.08,1.4,2026-10-09,1908,A,100,6.1NRT,301.85,397.13,D
-15.90895,134.5193,382.82,1.9,1.35,2026-10-08,2352,T,100,6.1NRT,304.66,394.31,D
-20.76583,130.15904,343.93,4.22,1.9,2026-10-08,1932,A,100,6.1NRT,290.96,393.55,N
-14.0841,-43.77723,401.64,1.37,1.16,2026-10-08,1834,A,100,6.1NRT,324.25,393.47,D
-8.54065,-66.98654,419.12,1.03,1.01,2026-10-08,2014,A,100,6.1NRT,305.51,393.11,D
-8.5363,13.92804,376.75,2.11,1.41,2026-10-08,1516,A,100,6.1NRT,296.97,392.69,D
-6.49295,-62.85918,399.31,1.39,1.17,2026-10-08,2014,A,100,6.1NRT,304.88,390.73,D
-20.73469,130.19485,412.59,1.14,1.07,2026-10-08,2354,T,100,6.1NRT,322.95,389.66,D
-12.02136,-43.48338,407.79,1.23,1.1,2026-10-08,1834,A,100,6.1NRT,319.91,389,D
-1.40845,29.19741,418.99,1,1,2026-10-09,1841,T,100,6.1NRT,309.06,388.11,N
-5.88122,-43.41808,416.41,1.06,1.03,2026-10-08,1834,A,100,6.1NRT,317.34,385.77,D
-20.67394,130.09491,412.58,1.13,1.06,2026-10-08,2354,T,100,6.1NRT,311.09,383.18,D
-11.35761,-54.01955,397.86,1.41,1.17,2026-10-09,1913,A,100,6.1NRT,304.32,382.79,D
48.58902,135.69911,400.51,1.32,1.14,2026-10-08,0542,A,100,6.1NRT,293.33,382.66,D
-13.1254,48.93681,419.35,1,1,2026-10-09,1236,A,100,6.1NRT,307.39,381.69,D
-11.83829,-43.61678,372.43,2.27,1.46,2026-10-09,1913,A,100,6.1NRT,311.03,381.39,D
46.05892,44.8974,416.45,1.04,1.02,2026-10-08,1214,A,100,6.1NRT,316.07,379.92,D
46.87278,119.46938,418.37,1,1,2026-10-09,0113,T,100,6.1NRT,296.8,379.25,D
47.02471,119.30959,418.16,1,1,2026-10-09,0113,T,100,6.1NRT,298.18,378.41,D
-12.00663,-43.46919,406.1,1.23,1.1,2026-10-08,1834,A,100,6.1NRT,324.63,378.31,D
-11.90721,-41.41088,417.88,1.02,1.01,2026-10-08,1834,A,100,6.1NRT,311.74,377.55,D
-3.12575,104.39827,350.92,3.53,1.77,2026-10-08,1306,T,100,6.1NRT,292.55,376.8,N
60.03924,102.65153,398,1.37,1.16,2026-10-08,0724,A,94,6.1NRT,280.96,375.92,D
25.24951,48.09023,350.79,3.45,1.75,2026-10-08,1633,T,100,6.1NRT,300.78,375.24,N
-13.16181,-67.28605,366.66,2.54,1.53,2026-10-09,2049,A,100,6.1NRT,296.69,374.95,D
-11.95452,36.15241,405.19,1.24,1.11,2026-10-08,1338,A,94,6.1NRT,310.2,374.75,D
-19.53489,142.33591,375.61,2.1,1.41,2026-10-09,0601,A,94,6.1NRT,308.48,374.72,D
-20.74596,130.28114,409.65,1.16,1.07,2026-10-08,2354,T,100,6.1NRT,313.41,371.49,D
-20.73088,130.23918,409.84,1.15,1.07,2026-10-08,2354,T,100,6.1NRT,311.65,371.46,D
-15.37108,134.81735,379.1,1.96,1.37,2026-10-08,2352,T,100,6.1NRT,304.62,370.82,D
-15.1139,134.37692,383.47,1.8,1.32,2026-10-08,2352,T,100,6.1NRT,305.72,369.1,D
-13.38125,-43.89058,378.1,2.01,1.38,2026-10-09,1913,A,100,6.1NRT,319.52,366.6,D
-20.18794,-47.97091,417.51,1,1,2026-10-09,1908,A,100,6.1NRT,309.69,366.42,D
-20.69817,130.13475,410.18,1.14,1.06,2026-10-08,2354,T,100,6.1NRT,314.02,366.28,D
-2.08573,-46.57754,395.02,1.43,1.18,2026-10-08,1836,A,100,6.1NRT,308.29,366.13,D
-6.89131,-43.70727,411.53,1.11,1.05,2026-10-08,1834,A,100,6.1NRT,324.1,364.19,D
-16.96711,-41.16327,360.89,2.76,1.59,2026-10-09,1910,A,100,6.1NRT,299.97,363.95,D
-15.21813,134.75836,379.07,1.93,1.36,2026-10-08,2352,T,100,6.1NRT,302.95,361.84,D
-20.67942,130.13739,409.17,1.14,1.06,2026-10-08,2354,T,100,6.1NRT,309.9,359.55,D
-7.19161,-52.63493,412.38,1.06,1.03,2026-10-09,1913,A,100,6.1NRT,307.45,356.91,D
60.04863,102.73901,356.07,2.79,1.6,2026-10-08,1147,T,100,6.1NRT,272.48,356.44,N
-5.41108,34.29131,405.35,1.18,1.08,2026-10-08,1340,A,100,6.1NRT,306.93,356.13,D
-33.63614,135.4231,412.19,1.06,1.03,2026-10-08,0657,A,100,6.1NRT,309.52,354.55,D
-8.53934,-66.97752,414.2,1.03,1.01,2026-10-08,2014,A,100,6.1NRT,303.03,353.7,D
-3.39329,11.56316,383.41,1.7,1.28,2026-10-08,1518,A,100,6.1NRT,295.36,352.11,D
-20.66595,130.10683,408.45,1.13,1.06,2026-10-08,2354,T,100,6.1NRT,310.85,350.39,D
-21.20314,135.29324,413.32,1.05,1.02,2026-10-08,0701,A,100,6.1NRT,322.17,349.42,D
-3.12178,104.45344,348.79,3.49,1.76,2026-10-08,1306,T,100,6.1NRT,291.93,349,N
-6.14487,-51.92854,342.55,4.47,1.94,2026-10-08,1834,A,91,6.1NRT,298.73,348.46,D
-12.95538,-67.5252,366.6,2.46,1.51,2026-10-09,2049,A,100,6.1NRT,297.35,348.37,D
-11.84991,-43.57685,402.56,1.24,1.11,2026-10-08,1834,A,100,6.1NRT,320.51,345.83,D
-13.88806,-44.14077,393.09,1.44,1.19,2026-10-08,1834,A,100,6.1NRT,315.57,345.55,D
-11.62465,-43.72855,400.51,1.26,1.11,2026-10-08,1834,A,100,6.1NRT,319.06,343.57,D
45.46721,-107.4229,405.69,1.14,1.06,2026-10-08,2208,A,100,6.1NRT,312.11,343,D
-11.91472,-41.40051,413.32,1.02,1.01,2026-10-08,1834,A,100,6.1NRT,325.5,341.11,D
-5.36818,-44.20896,406.7,1.13,1.06,2026-10-08,1834,A,100,6.1NRT,310.66,340.15,D
-3.54506,-54.7431,400.86,1.23,1.1,2026-10-09,1915,A,100,6.1NRT,305.65,339.37,D
-21.69945,-60.10737,401.55,1.21,1.1,2026-10-08,2008,A,100,6.1NRT,303.89,338.17,D
-16.10003,134.00757,381.98,1.75,1.3,2026-10-08,2352,T,100,6.1NRT,303.59,337.99,D
-5.89528,-43.77161,408.81,1.09,1.04,2026-10-08,1834,A,100,6.1NRT,317.09,337.94,D
-11.06599,-44.10995,372.86,2.15,1.42,2026-10-09,1913,A,100,6.1NRT,310.18,336.04,D
-11.06224,-44.03682,398.77,1.29,1.13,2026-10-08,1834,A,100,6.1NRT,316.86,335.25,D
-12.0088,-43.46338,401.46,1.23,1.1,2026-10-08,1834,A,100,6.1NRT,317.93,333.68,D
-15.10038,134.63811,377.19,1.89,1.34,2026-10-08,2352,T,100,6.1NRT,302.55,333.06,D
-4.59768,-55.71989,389.47,1.47,1.2,2026-10-09,1915,A,100,6.1NRT,303.11,331.59,D
-21.12683,132.81052,412.09,1.03,1.01,2026-10-08,0701,A,100,6.1NRT,327.15,331.35,D
47.08702,119.26856,412.11,1,1,2026-10-09,0113,T,100,6.1NRT,296.74,331.26,D
-20.67531,130.1055,406.14,1.13,1.06,2026-10-08,2354,T,100,6.1NRT,313.89,331.02,D
-21.32415,135.40829,410.04,1.05,1.03,2026-10-08,0701,A,100,6.1NRT,317.37,330.3,D
-11.851,-43.61453,367.99,2.27,1.46,2026-10-09,1913,A,100,6.1NRT,309.83,329,D
-10.92948,-45.38743,385.83,1.6,1.24,2026-10-08,1834,A,100,6.1NRT,313.84,327.08,D
-9.89998,-44.87003,392.49,1.41,1.18,2026-10-08,1834,A,100,6.1NRT,317.6,325.84,D
-6.46644,-55.4855,388.09,1.51,1.21,2026-10-09,1915,A,100,6.1NRT,307.16,325.67,D
-11.86412,-43.60484,368.01,2.27,1.46,2026-10-09,1913,A,100,6.1NRT,308.28,325.17,D
-15.9906,134.21199,393.59,1.33,1.14,2026-10-09,1204,T,100,6.1NRT,298.44,324.48,N
48.63435,135.80235,344.54,3.43,1.74,2026-10-08,1004,T,88,6.1NRT,278.32,321.05,N
-7.91518,-54.72244,391.24,1.4,1.17,2026-10-09,1913,A,100,6.1NRT,304.79,320.78,D
50.52904,41.42535,342.43,3.82,1.83,2026-10-09,1117,A,93,6.1NRT,292.47,320.09,D
-15.54378,134.72958,375.29,1.95,1.36,2026-10-08,2352,T,100,6.1NRT,306.46,319.08,D
-6.49395,-55.95127,381.96,1.64,1.26,2026-10-09,1915,A,100,6.1NRT,302.84,317.33,D
-20.71831,130.14276,404.08,1.14,1.06,2026-10-08,2354,T,100,6.1NRT,301.28,316.53,D
46.91114,119.45453,409.7,1,1,2026-10-09,0113,T,100,6.1NRT,296.71,313.3,D
-3.15055,103.4029,404.24,1.1,1.04,2026-10-08,0845,A,100,6.1NRT,307.09,311.06,D
-6.79455,-45.13617,393.27,1.33,1.14,2026-10-08,1834,A,94,6.1NRT,312.77,309.78,D
-15.38018,-41.93182,358.88,2.61,1.55,2026-10-09,1910,A,99,6.1NRT,303.39,309.15,D
-3.12101,104.43307,409.14,1.02,1.01,2026-10-08,0843,A,94,6.1NRT,297.45,308.49,D
-4.40375,-49.76968,402.83,1.12,1.05,2026-10-09,1915,A,100,6.1NRT,302.52,307.52,D
-9.41276,-45.98101,380.35,1.68,1.27,2026-10-08,1834,A,100,6.1NRT,311.51,306.67,D
-19.79689,129.42508,378.77,1.75,1.3,2026-10-09,0739,A,94,6.1NRT,305.15,305.63,D
-2.01576,113.71468,407.62,1.02,1.01,2026-10-08,1306,T,100,6.1NRT,306.1,305.21,N
-10.89499,-44.8203,373.24,1.9,1.35,2026-10-09,1913,A,100,6.1NRT,306.4,303.56,D
-15.40708,-41.92632,358.4,2.61,1.55,2026-10-09,1910,A,99,6.1NRT,303.87,302.17,D
-16.24859,133.92474,363.74,2.27,1.46,2026-10-08,1123,T,100,6.1NRT,295.62,301.46,N
-3.04278,-53.89513,403.26,1.1,1.04,2026-10-09,1915,A,100,6.1NRT,306.42,301.33,D
-3.21801,-42.95767,408.61,1,1,2026-10-08,1836,A,94,6.1NRT,300.1,301.08,D
-6.68011,-45.41162,389.88,1.39,1.17,2026-10-08,1834,A,100,6.1NRT,313.75,300.44,D
47.02651,119.2969,407.44,1,1,2026-10-09,0113,T,100,6.1NRT,297.53,298.53,D
-20.72249,130.17474,401.39,1.14,1.06,2026-10-08,2354,T,100,6.1NRT,312.43,298.42,D
-11.85139,-43.60697,365.33,2.27,1.46,2026-10-09,1913,A,100,6.1NRT,309.08,297.86,D
-9.90917,-44.8749,388.42,1.42,1.18,2026-10-08,1834,A,100,6.1NRT,316.49,295,D
-4.04467,-44.51776,400.3,1.13,1.06,2026-10-08,1834,A,100,6.1NRT,310.55,291.51,D
-15.55578,134.72812,372.15,1.95,1.36,2026-10-08,2352,T,100,6.1NRT,304.89,289.54,D
-6.60104,-51.09961,341.57,3.9,1.84,2026-10-08,1834,A,91,6.1NRT,295.9,288.25,D
-1.9045,113.65676,405.08,1.02,1.01,2026-10-08,1306,T,100,6.1NRT,304.88,288.08,N
-12.00963,-43.49058,394.94,1.23,1.1,2026-10-08,1834,A,100,6.1NRT,322.6,285.76,D
-10.88304,-44.80545,385.6,1.45,1.19,2026-10-08,1834,A,100,6.1NRT,316.26,285.48,D
-3.21929,-42.96642,406.12,1,1,2026-10-08,1836,A,100,6.1NRT,309.99,284.78,D
-11.59307,-43.64277,394.37,1.24,1.11,2026-10-08,1834,A,100,6.1NRT,309.69,284.21,D
-8.92096,-45.22319,392.92,1.26,1.12,2026-10-09,1121,T,100,6.1NRT,314.98,284.13,D
-7.60863,26.48767,386.13,1.4,1.17,2026-10-09,1416,A,100,6.1NRT,305.67,280.91,D
-15.8503,-42.04187,357.92,2.5,1.52,2026-10-09,1910,A,99,6.1NRT,301.79,280.05,D
-5.36963,-44.21885,398.42,1.13,1.06,2026-10-08,1834,A,100,6.1NRT,309.1,279.67,D
46.90647,119.36071,404.66,1,1,2026-10-09,0113,T,100,6.1NRT,297.13,279.25,D
-20.68079,130.14803,398.5,1.14,1.06,2026-10-08,2354,T,100,6.1NRT,314.06,278.94,D
-16.34012,15.53401,369.34,1.98,1.37,2026-10-08,1514,A,100,6.1NRT,309.27,278.18,D
-1.49183,132.20963,393.29,1.22,1.1,2026-10-08,0707,A,100,6.1NRT,301.97,275.38,D
46.81765,119.45947,403.67,1,1,2026-10-09,0113,T,100,6.1NRT,294.93,273.86,D
-19.75989,129.58084,374.78,1.8,1.32,2026-10-09,0739,A,100,6.1NRT,308.53,273.56,D
-11.09443,-44.03747,391.7,1.29,1.13,2026-10-08,1834,A,100,6.1NRT,316.37,272.01,D
-11.62155,-43.70597,392.23,1.25,1.11,2026-10-08,1834,A,100,6.1NRT,317.27,271.72,D
-20.67805,130.12675,397.77,1.13,1.06,2026-10-08,2354,T,100,6.1NRT,310.39,270.71,D
-9.97916,-45.92643,375.69,1.69,1.28,2026-10-08,1834,A,100,6.1NRT,312.85,270.17,D
-12.13153,-43.32774,361.49,2.36,1.48,2026-10-09,1913,A,100,6.1NRT,312.03,269.58,D
-7.93953,140.67715,397.15,1.1,1.05,2026-10-08,1128,T,100,6.1NRT,300.95,267.98,N
-20.69541,130.11349,397.5,1.13,1.06,2026-10-08,2354,T,100,6.1NRT,311.6,266.91,D
-3.55495,105.7616,350.01,2.78,1.59,2026-10-08,1306,T,100,6.1NRT,298.55,265.81,N
-9.87941,-44.87313,384.47,1.41,1.18,2026-10-08,1834,A,100,6.1NRT,318.85,265.3,D
-20.82309,130.24178,396.11,1.15,1.07,2026-10-08,2354,T,100,6.1NRT,302.75,265.07,D
-7.9409,140.66742,396.71,1.1,1.05,2026-10-08,1128,T,100,6.1NRT,301.29,264.48,N
-11.61178,-43.75331,361.93,2.23,1.45,2026-10-09,1913,A,100,6.1NRT,304.8,264.31,D
47.04568,119.28939,402.14,1,1,2026-10-09,0113,T,100,6.1NRT,295.28,263.99,D
-10.55025,33.25676,403.16,1,1,2026-10-08,1340,A,100,6.1NRT,306.15,263.14,D
-15.11577,134.39314,371.54,1.81,1.32,2026-10-08,2352,T,100,6.1NRT,302.71,262.68,D
-4.04609,-44.52766,396.02,1.14,1.06,2026-10-08,1834,A,100,6.1NRT,309.66,262.43,D
-10.23972,-46.83535,384.85,1.39,1.17,2026-10-09,1913,A,100,6.1NRT,310.81,261.73,D
-7.35094,-50.00596,400.69,1.04,1.02,2026-10-09,1913,A,100,6.1NRT,307.83,261.37,D
-15.38314,134.81589,367.06,1.96,1.37,2026-10-08,2352,T,100,6.1NRT,300.65,259.97,D
48.62396,135.8159,337.04,3.43,1.74,2026-10-08,1004,T,100,6.1NRT,274.86,259.95,N
6.68478,-73.75601,376.13,1.58,1.24,2026-10-08,2017,A,94,6.1NRT,291.28,259.4,D
-9.6595,-45.59289,377.95,1.58,1.24,2026-10-08,1834,A,100,6.1NRT,313.14,259.11,D
-9.41289,-45.98624,374.4,1.68,1.27,2026-10-08,1834,A,100,6.1NRT,313.54,257.54,D
-14.99682,48.77461,402.04,1,1,2026-10-09,1236,A,100,6.1NRT,309.68,257.54,D
-5.09612,-46.21507,379.59,1.49,1.21,2026-10-08,1834,A,100,6.1NRT,306.59,256.97,D
-1.84588,103.90961,338.22,3.68,1.8,2026-10-08,1306,T,100,6.1NRT,294.5,256.38,N
46.91296,119.44186,400.98,1,1,2026-10-09,0113,T,100,6.1NRT,296.36,256.27,D
-9.54545,35.06363,392.45,1.16,1.07,2026-10-08,1340,A,100,6.1NRT,303.04,255.65,D
-11.37819,-54.0167,381.95,1.41,1.17,2026-10-09,1913,A,100,6.1NRT,301.08,254.99,D
47.04388,119.30209,400.32,1,1,2026-10-09,0113,T,100,6.1NRT,294.21,254.46,D
-12.0266,-43.44955,390.88,1.23,1.1,2026-10-08,1834,A,100,6.1NRT,323.66,253.95,D
60.03643,102.69643,345.43,2.8,1.6,2026-10-08,1147,T,100,6.1NRT,273.43,253.72,N
-3.58625,105.74106,348.67,2.79,1.6,2026-10-08,1306,T,100,6.1NRT,300,252.99,N
-20.19671,-47.96943,401.45,1,1,2026-10-09,1908,A,100,6.1NRT,310.63,252.36,D
-14.44415,-43.93703,382.62,1.42,1.18,2026-10-08,1834,A,100,6.1NRT,320.7,251.64,D
-13.20985,-54.36326,333.23,4.71,1.99,2026-10-08,2012,A,81,6.1NRT,294.41,251.38,D
-6.00503,-40.97345,353.78,2.44,1.51,2026-10-08,2257,T,100,6.1NRT,298.43,251.18,N
-1.87673,103.90949,399.14,1.03,1.01,2026-10-08,0845,A,100,6.1NRT,313.73,250.95,D
-17.08117,142.92786,393.21,1.12,1.06,2026-10-08,1123,T,100,6.1NRT,303.96,250.28,N
-15.80573,134.52016,367.72,1.89,1.34,2026-10-08,2352,T,100,6.1NRT,302.03,248.85,D
-10.50282,-47.32683,361.3,2.23,1.45,2026-10-08,1834,A,100,6.1NRT,308.09,248.15,D
-7.19182,-55.17411,379.75,1.47,1.2,2026-10-09,1915,A,100,6.1NRT,303.94,246.84,D
-11.87334,-43.58261,359.53,2.28,1.46,2026-10-09,1913,A,99,6.1NRT,309.1,246.83,D
-3.57158,105.74815,390.82,1.16,1.07,2026-10-09,1344,T,100,6.1NRT,302.52,246.79,N
-14.06694,-43.83115,366.21,1.97,1.37,2026-10-09,1910,A,100,6.1NRT,315.58,246.38,D
36.15755,-89.97823,385.4,1.29,1.13,2026-10-09,2104,A,100,6.1NRT,310.6,246.27,D
52.98299,50.57753,328.72,4.38,1.93,2026-10-08,0707,T,86,6.1NRT,285.01,246.15,D
-1.87589,103.88634,337.61,3.71,1.8,2026-10-08,1306,T,100,6.1NRT,294.66,246.09,N
-16.24964,133.91849,357.5,2.27,1.46,2026-10-08,1123,T,100,6.1NRT,295.13,246.04,N
-1.75732,104.08908,338.11,3.55,1.77,2026-10-08,1306,T,100,6.1NRT,294.09,245.31,N
-6.46347,-55.50589,377.44,1.52,1.22,2026-10-09,1915,A,100,6.1NRT,308.23,244.99,D
-4.09337,-54.00077,392.23,1.14,1.06,2026-10-09,1915,A,100,6.1NRT,304.56,244.13,D
-6.14152,-51.93285,334.35,4.47,1.94,2026-10-08,1834,A,86,6.1NRT,298.41,243.67,D
-8.37031,-45.96435,370.83,1.73,1.29,2026-10-09,1913,A,100,6.1NRT,305.58,243.16,D
-20.72769,130.14143,393.76,1.14,1.06,2026-10-08,2354,T,100,6.1NRT,311.75,242.96,D
-6.15837,-51.92983,334.39,4.47,1.94,2026-10-08,1834,A,86,6.1NRT,298.51,242.53,D
-5.28983,-45.78312,380.91,1.4,1.17,2026-10-08,1834,A,100,6.1NRT,307.2,242.32,D
-9.38743,34.17702,355.17,2.21,1.44,2026-10-08,1800,T,100,6.1NRT,290.07,241.04,N
-8.26146,-44.20205,388.14,1.22,1.1,2026-10-08,1834,A,100,6.1NRT,311.21,239.96,D
60.02732,102.70014,343.24,2.8,1.6,2026-10-08,1147,T,100,6.1NRT,273.36,239.07,N
-6.59296,-51.10455,337.16,3.9,1.84,2026-10-08,1834,A,88,6.1NRT,296.09,239.03,D
60.05193,102.72813,343.34,2.79,1.6,2026-10-08,1147,T,100,6.1NRT,271.53,238.35,N
-6.27684,-46.01517,366.62,1.87,1.34,2026-10-09,1913,A,100,6.1NRT,303.47,238.1,D
-3.55817,105.73735,346.6,2.79,1.6,2026-10-08,1306,T,100,6.1NRT,297.52,237.81,N
-12.01267,-43.4734,329.34,4.75,1.99,2026-10-08,2257,T,100,6.1NRT,300.34,237.11,N
-6.49898,-46.60045,371.51,1.68,1.27,2026-10-08,1834,A,100,6.1NRT,308.94,236.89,D
47.03519,119.29949,397.36,1,1,2026-10-09,0113,T,100,6.1NRT,295.4,236.35,D
-20.85949,130.34573,365.09,1.95,1.36,2026-10-09,0739,A,100,6.1NRT,306.12,236.33,D
-8.84518,-61.45509,373.19,1.6,1.24,2026-10-08,2012,A,100,6.1NRT,300.46,236.29,D
-6.66824,-45.40095,381.22,1.38,1.16,2026-10-08,1834,A,100,6.1NRT,309.17,235.23,D
-3.02601,133.13193,369.2,1.65,1.26,2026-10-08,1128,T,100,6.1NRT,286.4,234.56,N
-3.61605,115.81178,370.43,1.66,1.27,2026-10-09,0744,A,100,6.1NRT,301.75,233.23,D
-13.16976,-63.13033,393.49,1.1,1.04,2026-10-08,2012,A,100,6.1NRT,302.73,233.05,D
-5.24279,-43.99798,331.82,4.17,1.89,2026-10-08,2257,T,100,6.1NRT,295.27,232.93,N
-10.77332,-65.3849,397.79,1,1,2026-10-08,2012,A,100,6.1NRT,305.08,232.6,D
-15.33204,134.84576,363.27,1.97,1.37,2026-10-08,2352,T,100,6.1NRT,300.6,232.32,D
-1.75316,104.11974,337.08,3.53,1.77,2026-10-08,1306,T,100,6.1NRT,294.33,232.18,N
30.75154,48.27596,351.03,2.48,1.52,2026-10-08,1635,T,100,6.1NRT,300.84,231.66,N
-5.10671,-46.21379,375.73,1.49,1.21,2026-10-08,1834,A,94,6.1NRT,305.91,231.64,D
-15.53177,134.731,364.83,1.95,1.36,2026-10-08,2352,T,100,6.1NRT,304.51,229.48,D
30.96501,-92.97155,375.66,1.46,1.19,2026-10-08,1526,T,100,6.1NRT,303.73,229.25,D
-33.62858,135.41022,393.98,1.06,1.03,2026-10-08,0657,A,100,6.1NRT,311.74,229.21,D
-5.06083,-46.19394,375.8,1.49,1.2,2026-10-08,1834,A,100,6.1NRT,305.55,228.83,D
-3.59085,105.74699,345.8,2.79,1.6,2026-10-08,1306,T,100,6.1NRT,300.21,228.59,N
-3.21124,-50.82167,394.39,1.04,1.02,2026-10-09,1915,A,100,6.1NRT,303.73,227.82,D
-3.5796,105.75967,387.56,1.16,1.07,2026-10-09,1344,T,100,6.1NRT,303.55,227.2,N
48.65777,135.82114,343.83,2.69,1.57,2026-10-08,1142,T,100,6.1NRT,276.82,227.11,N
-3.56213,105.7468,387.47,1.16,1.07,2026-10-09,1344,T,100,6.1NRT,306.75,226.96,N
-1.629,-54.39748,391.01,1.12,1.05,2026-10-09,1915,A,100,6.1NRT,308.63,226.8,D
60.03958,102.7421,341.77,2.79,1.6,2026-10-08,1147,T,100,6.1NRT,271.52,226.55,N
46.89196,119.46196,395.38,1,1,2026-10-09,0113,T,100,6.1NRT,291.32,224.87,D
50.48066,46.6955,355.61,2.15,1.42,2026-10-09,1117,A,98,6.1NRT,292.12,224.71,D
-20.79895,130.27831,389.69,1.16,1.07,2026-10-08,2354,T,100,6.1NRT,290.8,224.38,D
46.90064,119.46457,395.42,1,1,2026-10-09,0113,T,100,6.1NRT,292.82,224.38,D
28.28521,115.55192,355.98,2.21,1.44,2026-10-08,0714,A,98,6.1NRT,297.03,224.31,D
-2.62514,111.55981,391.57,1.06,1.03,2026-10-08,1306,T,100,6.1NRT,278.84,224.26,N
33.92333,-91.69778,365.36,1.82,1.32,2026-10-09,2104,A,100,6.1NRT,309.11,224.1,D
-5.5121,-42.85284,396.67,1.02,1.01,2026-10-08,1834,A,100,6.1NRT,313.82,223.76,D
-11.8474,142.55869,373.9,1.55,1.23,2026-10-09,0603,A,100,6.1NRT,304.51,223.46,D
-3.58157,105.75844,396.36,1.01,1,2026-10-08,0843,A,100,6.1NRT,314.06,222.71,D
-15.52626,134.73755,363.64,1.95,1.36,2026-10-08,2352,T,100,6.1NRT,303.28,222.4,D
-9.79303,13.93376,335.91,3.9,1.84,2026-10-09,1416,A,87,6.1NRT,291.3,222.11,D
-1.21825,-55.66119,380.89,1.3,1.13,2026-10-09,1915,A,94,6.1NRT,298.48,221.43,D
-5.29158,-45.79531,377.73,1.4,1.17,2026-10-08,1834,A,94,6.1NRT,306.41,221.38,D
-3.56645,-43.49795,386.56,1.17,1.08,2026-10-09,1119,T,100,6.1NRT,299.51,220.54,D
-3.66925,-41.45027,394.67,1.03,1.01,2026-10-08,1834,A,100,6.1NRT,313.58,220.4,D
52.98089,50.56712,326.18,4.38,1.93,2026-10-08,0707,T,84,6.1NRT,285.08,220.2,D
-12.02804,-43.46008,385.87,1.23,1.1,2026-10-08,1834,A,100,6.1NRT,323.54,219.99,D
-1.84481,103.92566,393.82,1.03,1.01,2026-10-08,0845,A,100,6.1NRT,309.89,219.76,D
-20.73402,130.14494,389.88,1.14,1.06,2026-10-08,2354,T,100,6.1NRT,314.24,219.33,D
-4.85977,-48.76434,382.62,1.25,1.11,2026-10-09,1915,A,94,6.1NRT,304.06,219.01,D
-8.72898,142.33493,375.75,1.44,1.19,2026-10-09,0603,A,100,6.1NRT,305.48,218.98,D
60.04412,102.67423,376.76,1.37,1.16,2026-10-08,0724,A,75,6.1NRT,275.35,218.21,D
-12.23104,-57.10532,330.78,4.68,1.98,2026-10-09,1259,T,80,6.1NRT,290.44,218.17,D
-15.32993,134.82794,362.24,1.96,1.37,2026-10-08,2352,T,100,6.1NRT,303.47,217.92,D
-12.22946,-57.09816,330.83,4.68,1.98,2026-10-09,1259,T,85,6.1NRT,290.43,217.36,D
39.06656,-111.65826,351.3,2.27,1.46,2026-10-08,1702,T,96,6.1NRT,289.39,217.1,D
-6.38698,-45.95287,374.42,1.5,1.21,2026-10-08,1834,A,100,6.1NRT,311.49,216.61,D
-3.78659,-41.79823,395.27,1.01,1.01,2026-10-08,1834,A,100,6.1NRT,313.67,216.61,D
-11.83517,142.48647,370.58,1.57,1.23,2026-10-09,0603,A,100,6.1NRT,301.08,216.5,D
-13.70303,-42.17376,389.5,1.1,1.05,2026-10-08,1834,A,100,6.1NRT,312.3,216.23,D
-3.55527,105.75452,394.36,1.01,1,2026-10-08,0843,A,100,6.1NRT,313.93,215.95,D
52.9949,50.5588,392.53,1,1,2026-10-08,0107,A,100,6.1NRT,293.62,215.75,N
-9.89888,-44.87642,377.34,1.42,1.18,2026-10-08,1834,A,100,6.1NRT,313.29,215.63,D
-9.38945,34.16021,351.6,2.22,1.44,2026-10-08,1800,T,100,6.1NRT,288.96,215.41,N
60.02411,102.7106,339.58,2.8,1.6,2026-10-08,1147,T,100,6.1NRT,272.72,214.76,N
-11.13514,32.29657,393.98,1.02,1.01,2026-10-08,1340,A,100,6.1NRT,310.13,214.37,D
-8.08389,146.88252,393.15,1.02,1.01,2026-10-09,0603,A,100,6.1NRT,306.9,213.92,D
25.25385,48.09903,342.4,2.78,1.59,2026-10-09,0016,A,100,6.1NRT,295.92,212.6,N
-15.8797,14.47044,367.62,1.68,1.28,2026-10-08,1514,A,100,6.1NRT,309.92,212.45,D
46.99685,119.31451,392.81,1,1,2026-10-09,0113,T,100,6.1NRT,292.08,212.23,D
-17.08271,142.91756,386.84,1.12,1.06,2026-10-08,1123,T,100,6.1NRT,305.52,211.48,N
-10.24165,-46.84763,377.51,1.39,1.17,2026-10-09,1913,A,100,6.1NRT,313.85,211.34,D
-1.88546,-54.69216,385.73,1.17,1.07,2026-10-09,1915,A,100,6.1NRT,303.94,211.25,D
-7.45837,-42.83183,393.09,1.04,1.02,2026-10-08,1834,A,100,6.1NRT,318.86,210.82,D
49.54594,43.83743,338.11,3.08,1.67,2026-10-08,0529,T,91,6.1NRT,287.99,210.55,D
-15.80375,134.50305,363,1.89,1.34,2026-10-08,2352,T,100,6.1NRT,303.02,210.08,D
-2.3545,104.27243,334.97,3.51,1.76,2026-10-08,1306,T,100,6.1NRT,294.11,209.98,N
-5.8902,-43.41673,391.16,1.06,1.03,2026-10-08,1834,A,100,6.1NRT,313.55,209.67,D
-15.3978,-41.95192,348.61,2.6,1.55,2026-10-09,1910,A,94,6.1NRT,301.99,209.52,D
-1.8791,103.92294,378.37,1.32,1.14,2026-10-09,0126,T,100,6.1NRT,301.63,209.05,D
60.02993,102.66022,375.69,1.37,1.16,2026-10-08,0724,A,100,6.1NRT,277.53,208.7,D
52.99149,50.54107,351.44,2.16,1.43,2026-10-08,1217,A,96,6.1NRT,289.47,208.08,D
-15.07651,134.33807,364.95,1.79,1.31,2026-10-08,2352,T,100,6.1NRT,304.06,207.79,D
